{
    "evaluation_frequency": {
        "frequency": 1,
        "period": "epoch"
    },
    "test": {
        "combined": {
            "loss": [
                1.2403100728988647,
                1.2368512153625488,
                1.2173157930374146
            ]
        },
        "output": {
            "bleu": [
                0.21242590248584747,
                0.21396929025650024,
                0.2145395427942276
            ],
            "char_error_rate": [
                0.6158092617988586,
                0.6142805814743042,
                0.6090863943099976
            ],
            "loss": [
                1.2403100728988647,
                1.2368512153625488,
                1.2173157930374146
            ],
            "next_token_perplexity": [
                18101.087890625,
                17958.90625,
                17885.861328125
            ],
            "perplexity": [
                31824.400390625,
                31799.158203125,
                31799.5234375
            ],
            "rouge1_fmeasure": [
                0.494282990694046,
                0.4936583936214447,
                0.49666935205459595
            ],
            "rouge1_precision": [
                0.43568506836891174,
                0.4355289340019226,
                0.43654200434684753
            ],
            "rouge1_recall": [
                0.6329783797264099,
                0.631955087184906,
                0.6400049924850464
            ],
            "rouge2_fmeasure": [
                0.2777288854122162,
                0.2784399688243866,
                0.28322911262512207
            ],
            "rouge2_precision": [
                0.2425389289855957,
                0.24331559240818024,
                0.24643416702747345
            ],
            "rouge2_recall": [
                0.3591751456260681,
                0.3610789179801941,
                0.37039321660995483
            ],
            "rougeL_fmeasure": [
                0.4496464133262634,
                0.4489414095878601,
                0.45249760150909424
            ],
            "rougeL_precision": [
                0.3947003483772278,
                0.3944406807422638,
                0.3960987329483032
            ],
            "rougeL_recall": [
                0.5819624066352844,
                0.5813024640083313,
                0.5896412134170532
            ],
            "rougeLsum_fmeasure": [
                0.47638607025146484,
                0.47556421160697937,
                0.47977733612060547
            ],
            "rougeLsum_precision": [
                0.41964876651763916,
                0.419291615486145,
                0.4214341640472412
            ],
            "rougeLsum_recall": [
                0.6114740371704102,
                0.6106194853782654,
                0.6198421120643616
            ],
            "sequence_accuracy": [
                0.0,
                0.0,
                0.0
            ],
            "token_accuracy": [
                0.0023668771609663963,
                0.0027153051923960447,
                0.002697857329621911
            ],
            "word_error_rate": [
                0.7634690999984741,
                0.7625930905342102,
                0.7640531659126282
            ]
        }
    },
    "training": {
        "combined": {
            "loss": [
                1.2209827899932861,
                0.9833517670631409,
                0.838335394859314
            ]
        },
        "output": {
            "bleu": [
                0.22000280022621155,
                0.2269352376461029,
                0.23225371539592743
            ],
            "char_error_rate": [
                0.613685667514801,
                0.600361704826355,
                0.6050668954849243
            ],
            "loss": [
                1.2209827899932861,
                0.9833517670631409,
                0.838335394859314
            ],
            "next_token_perplexity": [
                17553.4453125,
                16986.1796875,
                16422.501953125
            ],
            "perplexity": [
                31808.7734375,
                31808.833984375,
                31862.6953125
            ],
            "rouge1_fmeasure": [
                0.5109052062034607,
                0.5166566371917725,
                0.5421855449676514
            ],
            "rouge1_precision": [
                0.44346705079078674,
                0.44731518626213074,
                0.4656680226325989
            ],
            "rouge1_recall": [
                0.6654007434844971,
                0.6925811767578125,
                0.7448067665100098
            ],
            "rouge2_fmeasure": [
                0.3074640929698944,
                0.3067379891872406,
                0.3371690809726715
            ],
            "rouge2_precision": [
                0.26289084553718567,
                0.2630530297756195,
                0.28495535254478455
            ],
            "rouge2_recall": [
                0.4083731770515442,
                0.4128737151622772,
                0.47658535838127136
            ],
            "rougeL_fmeasure": [
                0.469727098941803,
                0.4773977994918823,
                0.5029495358467102
            ],
            "rougeL_precision": [
                0.40588515996932983,
                0.4115985333919525,
                0.43015921115875244
            ],
            "rougeL_recall": [
                0.6181080937385559,
                0.6472098231315613,
                0.698642909526825
            ],
            "rougeLsum_fmeasure": [
                0.4951474070549011,
                0.5019192695617676,
                0.5265886783599854
            ],
            "rougeLsum_precision": [
                0.42918431758880615,
                0.4342688322067261,
                0.451805055141449
            ],
            "rougeLsum_recall": [
                0.6470559239387512,
                0.6749478578567505,
                0.7259309887886047
            ],
            "sequence_accuracy": [
                0.0,
                0.0,
                0.0
            ],
            "token_accuracy": [
                0.0022513042204082012,
                0.0018977333093062043,
                0.0015887418994680047
            ],
            "word_error_rate": [
                0.7668283581733704,
                0.740276038646698,
                0.7452830076217651
            ]
        }
    },
    "validation": {
        "combined": {
            "loss": [
                1.2150611877441406,
                1.2088253498077393,
                1.180911660194397
            ]
        },
        "output": {
            "bleu": [
                0.22752082347869873,
                0.2289523333311081,
                0.23276226222515106
            ],
            "char_error_rate": [
                0.6000123023986816,
                0.5978606939315796,
                0.5934891700744629
            ],
            "loss": [
                1.2150611877441406,
                1.2088253498077393,
                1.180911660194397
            ],
            "next_token_perplexity": [
                17930.6640625,
                17780.09375,
                17697.30859375
            ],
            "perplexity": [
                31843.919921875,
                31818.75390625,
                31815.14453125
            ],
            "rouge1_fmeasure": [
                0.49968221783638,
                0.5012752413749695,
                0.5056670308113098
            ],
            "rouge1_precision": [
                0.4388173222541809,
                0.44022053480148315,
                0.44312021136283875
            ],